parsable,confidence_tokenizer,confidence_pos,confidence_ner,confidence_chunker,spelling_mistakes,avg_sentence_len,lexical_diversity,recognized_by_pos,acronyms,present_in_dictionary,readability_cli,readability_ari,test_avg_sentence_len,test_ari,test_cli
97.91664860177758,97.02681552135289,80.66813353565995,98.45866030782587,87.9404075438976,94.79787556904394,43.20634511164189,94.81775417298911,99.52139605462817,98.4224582701062,87.14723607197031,75.98937784521914,76.57599609798075,7.59600046072259,3.3107738998482494,2.979174073271197

