parsable,confidence_tokenizer,confidence_pos,confidence_ner,confidence_chunker,spelling_mistakes,avg_sentence_len,lexical_diversity,recognized_by_pos,acronyms,present_in_dictionary,readability_cli,readability_ari,test_avg_sentence_len,test_ari,test_cli
96.35262529832939,98.32494033412895,91.16730310262531,98.7330548926014,93.9748210023866,97.01360381861579,63.04538186157516,64.89749403341287,99.9675417661098,98.78317422434377,91.49892601431985,32.394451073985664,1.5448806682577558,19.526209279159225,56.5792362768496,13.170739856801916
