parsable,confidence_tokenizer,confidence_pos,confidence_ner,confidence_chunker,spelling_mistakes,avg_sentence_len,lexical_diversity,recognized_by_pos,acronyms,present_in_dictionary,readability_cli,readability_ari,test_avg_sentence_len,test_ari,test_cli
98.8140703517588,99.03266331658297,92.73165829145732,97.2402010050252,95.78944723618092,97.94321608040201,72.72964824120601,63.23366834170856,99.99396984924623,99.4070351758794,95.51758793969846,33.72703517587939,8.336783919597986,12.661681538212365,16.747738693467337,12.981005025125626
