parsable,confidence_tokenizer,confidence_pos,confidence_ner,confidence_chunker,spelling_mistakes,avg_sentence_len,lexical_diversity,recognized_by_pos,acronyms,present_in_dictionary,readability_cli,readability_ari,test_avg_sentence_len,test_ari,test_cli
89.01693548387193,88.388848720801,74.00856507230286,87.345828698554,82.1728123841303,94.92167222840243,61.49407489803428,67.79153689284388,99.97943084909159,91.03254263997025,90.32922691879857,42.31762328513147,6.824212087504738,16.981517345073105,16.973025583982196,11.756305153874717
