parsable,confidence_tokenizer,confidence_pos,confidence_ner,confidence_chunker,spelling_mistakes,avg_sentence_len,lexical_diversity,recognized_by_pos,acronyms,present_in_dictionary,readability_cli,readability_ari,test_avg_sentence_len,test_ari,test_cli
98.44926372155288,97.2560910307899,75.2524765729585,96.9408299866132,88.43721552878175,95.88018741633202,44.77623828647932,95.15528781793846,99.90722891566264,94.41392235609115,84.0112449799198,58.66896921017405,60.550495314591636,8.934873355857295,8.722757697456494,9.321633199464523
