parsable,confidence_tokenizer,confidence_pos,confidence_ner,confidence_chunker,spelling_mistakes,avg_sentence_len,lexical_diversity,recognized_by_pos,acronyms,present_in_dictionary,readability_cli,readability_ari,test_avg_sentence_len,test_ari,test_cli
97.24405286343608,99.61145374449332,90.46343612334798,99.2911894273128,91.08149779735683,99.52907488986783,33.36066079295154,26.921585903083706,99.96696035242297,99.88061674008821,99.45726872246686,37.92951541850217,3.736343612334802,26.652513285365036,28.003083700440527,12.304625550660793
